Domain,Status,Attractiveness,Demand,Length,Sectors,Created,Expires,Registrar
one.build,available,132,44%,3,"Business,General,Media,Technology",,,
brief.build,available,124,19%,5,"Business,Education,General,Law",,,
second.build,available,120,23%,6,"General,Mathematics",,,
flat.build,available,116,24%,4,"Construction,Real Estate",,,
tenth.build,available,116,7%,5,Mathematics,,,
abiding.build,available,106,5%,7,"General,Religion",,,
captive.build,available,102,14%,7,"Entertainment,Hospitality,Technology",,,
absent.build,available,102,8%,6,"Business,Education,Technology",,,
remove.build,available,100,13%,6,"Construction,Manufacturing,Technology",,,
eighth.build,available,100,6%,6,Mathematics,,,
abrupt.build,available,100,3%,6,"Medicine,Science",,,
third.build,available,100,16%,5,Mathematics,,,
ninth.build,available,100,9%,5,Mathematics,,,
sixth.build,available,100,8%,5,Mathematics,,,
forgiving.build,available,96,3%,9,"Healthcare,Religion",,,
alamode.build,available,96,12%,9,Fashion,,,
around.build,available,94,22%,6,"Business,General,Media,Technology",,,
abroad.build,available,92,12%,6,"Hospitality,Travel",,,
nought.build,available,92,4%,6,Mathematics,,,
twentieth.build,available,92,3%,9,Mathematics,,,
leash.build,available,90,7%,5,"General,Health and Fitness,Retail",,,
riveting.build,available,90,6%,8,"Entertainment,Media,Technology",,,
gripping.build,available,90,3%,8,"Entertainment,Media,Technology",,,
ace.build,available,88,34%,3,Sports,,,
eleven.build,available,88,33%,6,Mathematics,,,
three.build,available,88,24%,5,Mathematics,,,
fifteen.build,available,88,13%,7,Mathematics,,,
twelve.build,available,88,18%,6,"General,Mathematics",,,
ten.build,available,88,28%,3,"General,Mathematics",,,
sixteen.build,available,88,11%,7,Mathematics,,,
hundred.build,available,88,14%,7,Mathematics,,,
recondite.build,available,86,4%,9,"Arts,Humanities,Science",,,
aboriginal.build,available,86,10%,10,Humanities,,,
xiv.build,available,86,12%,3,Mathematics,,,
intent.build,available,86,25%,6,"Business,Education,Technology",,,
engrossing.build,available,86,0%,10,"Entertainment,Media,Technology",,,
xix.build,available,86,11%,3,Mathematics,,,
thousand.build,available,84,8%,8,Mathematics,,,
twentyone.build,available,84,13%,10,Mathematics,,,
seventeen.build,available,84,7%,9,Mathematics,,,
fourteen.build,available,84,8%,8,Mathematics,,,
grand.build,available,84,25%,5,"Finance,General",,,
thirteen.build,available,84,10%,8,Mathematics,,,
twentytwo.build,expired,84,11%,10,Mathematics,09/06/2015 11:41,09/06/2025 23:59,Mesh Digital Ltd
deviate.build,available,84,12%,7,"Medicine,Science",,,
nineteen.build,available,84,8%,8,Mathematics,,,
enduring.build,available,82,9%,8,"Health and Fitness,Religion",,,
abdominal.build,available,82,1%,9,"Health and Fitness,Medicine",,,
cleansing.build,available,82,3%,9,Health and Fitness,,,
abenaki.build,available,82,2%,7,Geography,,,
decade.build,available,82,10%,6,Mathematics,,,
fivesome.build,available,82,1%,8,Sports,,,
abkhaz.build,available,82,1%,6,Geography,,,
absorbent.build,available,82,3%,9,"Healthcare,Manufacturing,Retail",,,
dozen.build,available,82,10%,5,Mathematics,,,
abroach.build,available,82,1%,7,Food and Beverage,,,
two.build,available,80,24%,3,Mathematics,,,
able.build,available,80,29%,4,"Business,Education,General,Technology",,,
twenty.build,available,80,12%,6,Mathematics,,,
seventh.build,available,80,10%,7,Mathematics,,,
absorbable.build,available,80,0%,10,"Healthcare,Pharmaceuticals,Science",,,
trio.build,available,80,21%,4,Entertainment,,,
first.build,available,80,36%,5,"General,Mathematics",,,
dorsal.build,available,80,6%,6,"Medicine,Science",,,
some.build,available,80,32%,4,"Business,Media,Retail",,,
yard.build,available,80,26%,4,"Construction,General",,,
abundant.build,available,80,19%,8,"Agriculture,Manufacturing,Retail",,,
forty.build,available,80,9%,5,Mathematics,,,
absolute.build,available,80,25%,8,"Engineering,Mathematics,Science",,,
nine.build,available,80,24%,4,"General,Mathematics",,,
low.build,available,78,20%,3,"Business,Finance",,,
honestly.build,available,78,9%,8,"Business,Law",,,
abounding.build,available,78,2%,9,Agriculture,,,
twentysix.build,available,78,8%,10,Mathematics,,,
dormant.build,available,78,4%,7,"Medicine,Science",,,
absorptive.build,available,78,1%,10,"Healthcare,Manufacturing,Retail",,,
sixtynine.build,available,78,8%,10,Mathematics,,,
abkhazian.build,available,78,1%,9,Geography,,,
abkhasian.build,available,78,1%,9,Geography,,,
nineteenth.build,available,76,3%,10,Mathematics,,,
threed.build,available,76,7%,7,Technology,,,
thousandth.build,available,76,1%,10,Mathematics,,,
hundredth.build,available,76,1%,9,Mathematics,,,
firstrate.build,available,76,6%,10,Business,,,
fourteenth.build,available,76,1%,10,Mathematics,,,
abrasive.build,available,76,6%,8,"Construction,Manufacturing",,,
thirteenth.build,available,76,4%,10,Mathematics,,,
fifteenth.build,available,76,2%,9,Mathematics,,,
cleared.build,available,74,7%,7,"Healthcare,Law,Transportation",,,
single.build,available,74,19%,6,Sports,,,
supra.build,available,74,25%,5,"Medicine,Science",,,
aberrant.build,available,74,6%,8,"Medicine,Science",,,
abloom.build,available,72,5%,6,Agriculture,,,
ninetieth.build,available,72,1%,9,Mathematics,,,
liv.build,available,72,27%,3,Mathematics,,,
engrossed.build,available,72,1%,9,"Entertainment,Media,Technology",,,
ablaze.build,available,72,6%,6,Entertainment,,,
sixtieth.build,available,72,1%,8,Mathematics,,,
absorbed.build,available,72,2%,8,"Entertainment,Media,Technology",,,
absolutist.build,available,72,1%,10,"Humanities,Law,Politics",,,
ternary.build,available,72,7%,7,Mathematics,,,
seventieth.build,available,72,1%,10,Mathematics,,,
eightieth.build,available,72,1%,9,Mathematics,,,
abreast.build,available,72,2%,7,"Business,Technology",,,
abulic.build,available,70,1%,6,Medicine,,,
absorbing.build,available,70,3%,9,"Entertainment,Media,Technology",,,
abradant.build,available,70,1%,8,"Construction,Manufacturing",,,
septenary.build,available,68,1%,9,Mathematics,,,
sevener.build,available,68,1%,7,Mathematics,,,
aroused.build,available,68,3%,7,"Entertainment,Health and Fitness",,,
ane.build,available,68,12%,3,Mathematics,,,
abducent.build,available,68,0%,8,Medicine,,,
aberdonian.build,available,68,1%,10,Geography,,,
octonary.build,available,68,1%,8,Mathematics,,,
abkhas.build,available,68,0%,6,Geography,,,
ablative.build,available,68,3%,8,Science,,,
ennead.build,available,68,5%,6,Mathematics,,,
vindicated.build,available,68,2%,10,"Humanities,Law,Politics",,,
threesome.build,available,68,5%,9,Entertainment,,,
fiftieth.build,available,68,0%,8,Mathematics,,,
overseas.build,available,68,12%,8,"Hospitality,Travel",,,
fortieth.build,available,68,0%,8,Mathematics,,,
abnaki.build,available,68,1%,6,Geography,,,
thirtieth.build,available,68,1%,9,Mathematics,,,
foursome.build,available,68,4%,8,Sports,,,
xvii.build,available,66,5%,4,Mathematics,,,
clv.build,available,66,10%,3,Mathematics,,,
onec.build,available,66,6%,5,Mathematics,,,
modish.build,available,66,5%,6,Fashion,,,
exonerated.build,available,66,2%,10,"Humanities,Law,Politics",,,
acappella.build,available,66,6%,10,Entertainment,,,
ninety.build,available,66,11%,6,Mathematics,,,
thirty.build,available,66,8%,6,Mathematics,,,
sextet.build,available,66,1%,6,Entertainment,,,
xxi.build,available,66,10%,3,Mathematics,,,
xxv.build,available,66,6%,3,Mathematics,,,
xii.build,available,66,10%,3,Mathematics,,,
xxvi.build,available,66,3%,4,Mathematics,,,
fifty.build,available,66,12%,5,Mathematics,,,
century.build,available,66,17%,7,Education,,,
eighty.build,available,66,6%,6,Mathematics,,,
tenner.build,available,66,5%,6,Finance,,,
xiii.build,available,66,9%,4,Mathematics,,,
abstinent.build,available,66,1%,9,"Health and Fitness,Religion",,,
xxii.build,available,66,6%,4,Mathematics,,,
deuce.build,available,66,9%,5,Sports,,,
xvi.build,available,66,5%,3,Mathematics,,,
five.build,available,66,26%,4,Mathematics,,,
xviii.build,available,66,5%,5,Mathematics,,,
absolved.build,available,64,1%,8,"Humanities,Law,Religion",,,
deviant.build,available,64,12%,7,"Medicine,Science",,,
nondrinker.build,available,64,1%,10,"Health and Fitness,Religion",,,
aflame.build,available,64,3%,6,Entertainment,,,
wrapped.build,available,62,13%,7,"Fashion,Hospitality,Retail",,,
eighteenth.build,available,62,1%,10,Mathematics,,,
orso.build,available,62,9%,5,"Business,Media,Technology",,,
twodozen.build,available,62,1%,9,Mathematics,,,
sixteenth.build,available,62,1%,9,Mathematics,,,
eleventh.build,available,62,5%,8,Mathematics,,,
fortyfour.build,available,62,6%,10,Mathematics,,,
roughly.build,available,62,3%,7,"Business,Media,Technology",,,
aufait.build,available,62,3%,7,"Fashion,Media",,,
longdozen.build,available,62,2%,10,Mathematics,,,
troika.build,available,62,8%,6,Politics,,,
abo.build,available,62,15%,3,Science,,,
aborigine.build,available,62,1%,9,Humanities,,,
chiliad.build,available,62,2%,7,Mathematics,,,
exculpated.build,available,62,1%,10,"Humanities,Law,Politics",,,
quartet.build,available,62,7%,7,"Arts,Entertainment",,,
abstemious.build,available,60,0%,10,"Food and Beverage,Health and Fitness,Hospitality",,,
aboveboard.build,available,60,5%,10,"Business,Law",,,
abashed.build,available,60,1%,7,Humanities,,,
thou.build,available,60,7%,4,Mathematics,,,
cxv.build,available,60,4%,3,Mathematics,,,
cxl.build,available,60,7%,3,Mathematics,,,
cxx.build,available,60,10%,3,Mathematics,,,
xcl.build,available,60,5%,3,Mathematics,,,
clx.build,available,60,10%,3,Mathematics,,,
eightysix.build,available,60,7%,10,Mathematics,,,
sixty.build,available,60,13%,5,Mathematics,,,
tertiary.build,available,60,4%,8,Education,,,
cxxxv.build,available,60,2%,5,Mathematics,,,
clxx.build,available,60,3%,4,Mathematics,,,
cxxv.build,available,60,1%,4,Mathematics,,,
clxxv.build,available,60,1%,5,Mathematics,,,
cxxx.build,available,60,4%,4,Mathematics,,,
clxv.build,available,60,1%,4,Mathematics,,,
paunchy.build,available,60,0%,7,"Health and Fitness,Medicine",,,
abstainer.build,available,60,0%,9,"Health and Fitness,Religion",,,
cxlv.build,available,60,2%,4,Mathematics,,,
clxxx.build,available,60,1%,5,Mathematics,,,
aucourant.build,available,58,3%,10,"Fashion,Media",,,
sixtyone.build,available,58,3%,9,Mathematics,,,
alacarte.build,available,58,11%,10,Food and Beverage,,,
sixer.build,available,58,5%,5,Sports,,,
heptad.build,available,58,1%,6,Mathematics,,,
seven.build,available,58,36%,5,Mathematics,,,
octad.build,available,58,5%,5,Mathematics,,,
justabout.build,available,58,3%,10,"Business,Media,Technology",,,
fifth.build,available,58,12%,5,Mathematics,,,
pentad.build,available,58,2%,6,Mathematics,,,
lxxx.build,available,58,2%,4,Mathematics,,,
twelfth.build,available,58,2%,7,Mathematics,,,
hexad.build,available,58,4%,5,Mathematics,,,
abuzz.build,available,58,5%,5,"Entertainment,Media,Technology",,,
centesimal.build,available,58,1%,10,Mathematics,,,
fourscore.build,available,58,4%,9,Mathematics,,,
enwrapped.build,available,58,0%,9,"Entertainment,Fashion,Media",,,
seventy.build,available,58,7%,7,Mathematics,,,
eighter.build,available,58,2%,7,Mathematics,,,
fourth.build,available,58,13%,6,Mathematics,,,
sextuplet.build,available,58,1%,9,Healthcare,,,
closeto.build,available,58,3%,8,"Business,Media,Technology",,,
abridged.build,available,58,4%,8,Media,,,
niner.build,available,58,5%,5,Mathematics,,,
tetrad.build,available,58,5%,6,Mathematics,,,
fiftytwo.build,available,56,6%,9,Mathematics,,,
fortynine.build,available,56,3%,10,Mathematics,,,
xli.build,available,56,5%,3,Mathematics,,,
aone.build,available,56,15%,5,Food and Beverage,,,
fortytwo.build,available,56,17%,9,Mathematics,,,
xxxiii.build,available,56,2%,6,Mathematics,,,
fortysix.build,available,56,3%,9,Mathematics,,,
xliv.build,available,56,2%,4,Mathematics,,,
thirtytwo.build,available,56,5%,10,Mathematics,,,
fiftysix.build,available,56,4%,9,Mathematics,,,
thirtysix.build,available,56,5%,10,Mathematics,,,
abeyant.build,available,56,1%,7,"Business,Law",,,
xxix.build,available,56,4%,4,Mathematics,,,
abdominous.build,available,56,0%,10,"Health and Fitness,Medicine",,,
xlvi.build,available,56,3%,4,Mathematics,,,
xxxvi.build,available,56,1%,5,Mathematics,,,
xxviii.build,available,56,1%,6,Mathematics,,,
lvi.build,available,56,8%,3,Mathematics,,,
liii.build,available,56,4%,4,Mathematics,,,
xxxviii.build,available,56,1%,7,Mathematics,,,
xxvii.build,available,56,3%,5,Mathematics,,,
halfdozen.build,available,56,1%,10,Mathematics,,,
xlvii.build,available,56,2%,5,Mathematics,,,
potbellied.build,available,56,0%,10,"Health and Fitness,Medicine",,,
xlii.build,available,56,5%,4,Mathematics,,,
thirtyone.build,available,56,5%,10,Mathematics,,,
xliii.build,available,56,1%,5,Mathematics,,,
fortyone.build,available,56,4%,9,Mathematics,,,
xlviii.build,available,56,1%,6,Mathematics,,,
lvii.build,available,56,1%,4,Mathematics,,,
fiftyone.build,available,56,7%,9,Mathematics,,,
ilx.build,available,56,5%,3,Mathematics,,,
xlv.build,available,56,6%,3,Mathematics,,,
xxxiv.build,available,56,1%,5,Mathematics,,,
fiftynine.build,available,56,4%,10,Mathematics,,,
xxiii.build,available,56,5%,5,Mathematics,,,
lii.build,available,56,7%,3,Mathematics,,,
fiftyfive.build,available,56,7%,10,Mathematics,,,
xxiv.build,available,56,5%,4,Mathematics,,,
fiftyfour.build,available,56,3%,10,Mathematics,,,
xxxii.build,available,56,1%,5,Mathematics,,,
xxxi.build,available,56,9%,4,Mathematics,,,
lviii.build,available,56,1%,5,Mathematics,,,
xxxv.build,available,56,4%,4,Mathematics,,,
xxxvii.build,available,56,2%,6,Mathematics,,,
twoscore.build,available,54,2%,8,Mathematics,,,
abatable.build,available,54,1%,8,Law,,,
abient.build,available,54,1%,6,Science,,,
threescore.build,available,54,1%,10,Mathematics,,,
abatic.build,available,54,1%,6,Science,,,
fortyfive.build,available,54,4%,10,Mathematics,,,
abasic.build,available,54,1%,6,Science,,,
deuceace.build,available,54,2%,9,Sports,,,
quatern.build,available,54,2%,7,Mathematics,,,
abaxial.build,available,54,1%,7,Science,,,
abducens.build,available,54,1%,8,Medicine,,,
quaternity.build,available,54,4%,10,Mathematics,,,
quaternion.build,available,54,6%,10,Mathematics,,,
aboral.build,available,54,2%,6,Science,,,
scratchy.build,available,54,3%,8,Fashion,,,
vii.build,available,54,13%,3,Mathematics,,,
viii.build,available,54,6%,4,Mathematics,,,
lxviii.build,available,52,1%,6,Mathematics,,,
xcvi.build,available,52,2%,4,Mathematics,,,
lxxiii.build,available,52,1%,6,Mathematics,,,
xcvii.build,available,52,1%,5,Mathematics,,,
eightyone.build,available,52,3%,10,Mathematics,,,
lxvi.build,available,52,3%,4,Mathematics,,,
sixtyfive.build,available,52,3%,10,Mathematics,,,
chagrined.build,available,52,1%,9,Humanities,,,
eightytwo.build,available,52,4%,10,Mathematics,,,
lxxi.build,available,52,1%,4,Mathematics,,,
xciii.build,available,52,1%,5,Mathematics,,,
lxxxv.build,available,52,1%,5,Mathematics,,,
lxxxvi.build,available,52,1%,6,Mathematics,,,
lxxiv.build,available,52,1%,5,Mathematics,,,
ninetytwo.build,available,52,4%,10,Mathematics,,,
ninetysix.build,available,52,4%,10,Mathematics,,,
lxxxii.build,available,52,1%,6,Mathematics,,,
lxxii.build,available,52,1%,5,Mathematics,,,
xci.build,available,52,4%,3,Mathematics,,,
ablated.build,available,52,1%,7,Science,,,
lxxv.build,available,52,1%,4,Mathematics,,,
lxxxi.build,available,52,1%,5,Mathematics,,,
lxii.build,available,52,1%,4,Mathematics,,,
lxxxiv.build,available,52,1%,6,Mathematics,,,
lxxxiii.build,available,52,1%,7,Mathematics,,,
ninetyone.build,available,52,5%,10,Mathematics,,,
lxvii.build,available,52,1%,5,Mathematics,,,
lxi.build,available,52,5%,3,Mathematics,,,
xcv.build,available,52,7%,3,Mathematics,,,
sixtytwo.build,available,52,3%,9,Mathematics,,,
xciv.build,available,52,2%,4,Mathematics,,,
lxiv.build,available,52,3%,4,Mathematics,,,
lxiii.build,available,52,2%,5,Mathematics,,,
lxxvi.build,available,52,1%,5,Mathematics,,,
lxxxvii.build,available,52,1%,7,Mathematics,,,
xcii.build,available,52,2%,4,Mathematics,,,
lxv.build,available,52,5%,3,Mathematics,,,
ixl.build,available,52,9%,3,Mathematics,,,
lxxvii.build,available,52,2%,6,Mathematics,,,
aboulic.build,available,52,1%,7,Medicine,,,
abstruse.build,available,52,5%,8,"Humanities,Mathematics,Science",,,
ixc.build,available,52,5%,3,Mathematics,,,
sixtyfour.build,available,52,3%,10,Mathematics,,,
xcviii.build,available,52,1%,6,Mathematics,,,
sixtysix.build,available,52,4%,9,Mathematics,,,
abranchial.build,available,50,0%,10,Science,,,
broached.build,available,50,0%,8,Food and Beverage,,,
triplet.build,available,50,8%,7,Science,,,
abducting.build,available,50,0%,9,Medicine,,,
gillless.build,available,50,0%,9,Science,,,
abactinal.build,available,50,0%,9,Science,,,
cinque.build,available,50,7%,6,Mathematics,,,
abomasal.build,available,50,0%,8,Agriculture,,,
abbatial.build,available,50,0%,8,Religion,,,
abdicable.build,available,50,0%,9,Law,,,
lxx.build,available,50,5%,3,Mathematics,,,
ogdoad.build,available,50,1%,6,Mathematics,,,
apriori.build,available,48,13%,8,Mathematics,,,
lxxxviii.build,available,48,1%,8,Mathematics,,,
quaternary.build,available,46,3%,10,Mathematics,,,